NlmUniqueID	additional_oa_fee	oa_status
0001027	yes	hybrid
0004041	yes	hybrid
0004047	yes	hybrid
0005735	yes	hybrid
0006252	yes	hybrid
0006723	yes	hybrid
0006761	yes	hybrid
0006777	yes	hybrid
0010505	yes	hybrid
0012737	yes	hybrid
0014030	yes	hybrid
0014052	yes	hybrid
0014067	yes	hybrid
0014171	yes	hybrid
0014207	yes	hybrid
0020713	yes	hybrid
0021406	yes	hybrid
0022623	yes	hybrid
0024046	yes	hybrid
0031164	yes	hybrid
0035623	yes	hybrid
0035665	yes	hybrid
0042033	yes	hybrid
0042124	yes	hybrid
0043125	yes	hybrid
0043306	yes	hybrid
0043312	yes	hybrid
0043535	yes	hybrid
0043541	yes	hybrid
0045312	yes	hybrid
0045335	yes	hybrid
0045377	yes	hybrid
0045503	yes	hybrid
0046021	yes	hybrid
0046052	yes	hybrid
0047061	yes	hybrid
0047103	yes	hybrid
0050222	yes	hybrid
0050303	yes	hybrid
0050452	yes	hybrid
0052457	yes	hybrid
0052631	yes	hybrid
0053006	yes	hybrid
0053252	yes	hybrid
0054655	yes	hybrid
0055107	yes	hybrid
0057202	yes	hybrid
0060105	yes	hybrid
0060450	yes	hybrid
0062647	yes	hybrid
0066751	yes	hybrid
0067206	yes	hybrid
0072416	yes	hybrid
0074243	yes	hybrid
0075674	yes	hybrid
0077340	yes	hybrid
0077427	yes	hybrid
0100626	yes	hybrid
0100714	yes	hybrid
0100725	yes	hybrid
0101032	yes	hybrid
0102444	yes	hybrid
0103130	yes	hybrid
0103146	yes	hybrid
0103374	yes	hybrid
0105072	yes	hybrid
0107305	yes	hybrid
0110674	yes	hybrid
0111052	yes	hybrid
0111356	yes	hybrid
0112037	yes	hybrid
0112725	yes	hybrid
0113724	yes	hybrid
0116711	yes	hybrid
0116744	yes	hybrid
0123703	yes	hybrid
0126611	yes	hybrid
0132144	yes	hybrid
0133660	yes	hybrid
0135054	yes	hybrid
0135232	yes	hybrid
0136553	yes	hybrid
0137162	yes	hybrid
0137356	yes	hybrid
0141053	yes	hybrid
0141233	yes	hybrid
0142657	yes	hybrid
0144032	yes	hybrid
0144042	yes	hybrid
0144554	yes	hybrid
0144731	yes	hybrid
0145600	yes	hybrid
0147621	yes	hybrid
0147763	yes	hybrid
0150372	yes	hybrid
0150472	yes	hybrid
0150760	yes	hybrid
0151000	yes	hybrid
0151115	yes	hybrid
0151434	yes	hybrid
0151504	yes	hybrid
0151620	yes	hybrid
0152016	yes	hybrid
0153605	yes	hybrid
0154720	yes	hybrid
0155157	yes	hybrid
0157312	yes	hybrid
0157313	yes	hybrid
0157375	yes	hybrid
0164074	yes	hybrid
0165035	yes	hybrid
0165053	yes	hybrid
0173225	yes	hybrid
0173320	yes	hybrid
0174752	yes	hybrid
0174763	yes	hybrid
0175411	yes	hybrid
0177346	yes	hybrid
0177722	yes	hybrid
0200525	yes	hybrid
0202503	yes	hybrid
0203706	yes	hybrid
0203727	yes	hybrid
0204522	yes	hybrid
0204634	yes	hybrid
0207224	yes	hybrid
0207277	yes	hybrid
0210174	yes	hybrid
0210453	yes	hybrid
0211301	yes	hybrid
0213155	yes	hybrid
0213264	yes	hybrid
0214055	yes	hybrid
0214745	yes	hybrid
0215166	yes	hybrid
0217132	yes	hybrid
0217410	yes	hybrid
0217440	yes	hybrid
0217764	yes	hybrid
0222526	yes	hybrid
0222643	yes	hybrid
0224131	yes	hybrid
0226040	yes	hybrid
0226661	yes	hybrid
0227276	yes	hybrid
0230027	yes	hybrid
0231335	yes	hybrid
0231714	yes	hybrid
0234135	yes	hybrid
0234361	yes	hybrid
0235266	yes	hybrid
0236217	yes	hybrid
0236512	yes	hybrid
0236760	yes	hybrid
0241111	yes	hybrid
0242543	yes	hybrid
0243532	yes	hybrid
0243704	yes	hybrid
0243705	yes	hybrid
0244160	yes	hybrid
0245075	yes	hybrid
0245331	yes	hybrid
0246127	yes	hybrid
0247035	yes	hybrid
0247660	yes	hybrid
0250641	yes	hybrid
0251711	yes	hybrid
0252052	yes	hybrid
0253664	yes	hybrid
0254463	yes	hybrid
0256422	yes	hybrid
0260231	yes	hybrid
0260316	yes	hybrid
0260564	yes	hybrid
0261412	yes	hybrid
0262321	yes	hybrid
0262322	yes	hybrid
0262521	yes	hybrid
0264620	yes	hybrid
0266262	yes	hybrid
0267200	yes	hybrid
0267442	yes	hybrid
0270707	yes	hybrid
0312020	yes	hybrid
0313225	yes	hybrid
0314024	yes	hybrid
0314524	yes	hybrid
0315061	yes	hybrid
0315073	yes	hybrid
0320626	yes	hybrid
0320657	yes	hybrid
0321213	yes	hybrid
0322067	yes	hybrid
0322116	yes	hybrid
0323431	yes	hybrid
0323470	yes	hybrid
0323767	yes	hybrid
0324055	yes	hybrid
0326264	yes	hybrid
0326377	yes	hybrid
0330057	yes	hybrid
0330167	yes	hybrid
0330500	yes	hybrid
0330501	yes	hybrid
0330666	yes	hybrid
0331266	yes	hybrid
0331777	yes	hybrid
0332173	yes	hybrid
0333506	yes	hybrid
0333601	yes	hybrid
0334721	yes	hybrid
0335405	yes	hybrid
0337330	yes	hybrid
0342017	yes	hybrid
0342367	yes	hybrid
0346653	yes	hybrid
0347227	yes	hybrid
0347631	yes	hybrid
0351014	yes	hybrid
0354343	yes	hybrid
0354422	yes	hybrid
0355501	yes	hybrid
0356504	yes	hybrid
0356657	yes	hybrid
0357245	yes	hybrid
0357443	yes	hybrid
0360051	yes	hybrid
0360342	yes	hybrid
0361031	yes	hybrid
0361055	yes	hybrid
0361512	yes	hybrid
0364220	yes	hybrid
0364456	yes	hybrid
0364535	yes	hybrid
0365263	yes	hybrid
0365304	yes	hybrid
0365307	yes	hybrid
0365332	yes	hybrid
0365337	yes	hybrid
0365646	yes	hybrid
0366151	yes	hybrid
0366372	yes	hybrid
0366543	yes	hybrid
0367033	yes	hybrid
0367050	yes	hybrid
0367541	yes	hybrid
0370033	yes	hybrid
0370121	yes	hybrid
0370270	yes	hybrid
0370306	yes	hybrid
0370307	yes	hybrid
0370320	yes	hybrid
0370336	yes	hybrid
0370344	yes	hybrid
0370354	yes	hybrid
0370364	yes	hybrid
0370374	yes	hybrid
0370436	yes	hybrid
0370465	yes	hybrid
0370467	yes	hybrid
0370470	yes	hybrid
0370473	yes	hybrid
0370475	yes	hybrid
0370476	yes	hybrid
0370500	yes	hybrid
0370502	yes	hybrid
0370506	yes	hybrid
0370507	yes	hybrid
0370521	yes	hybrid
0370524	yes	hybrid
0370525	yes	hybrid
0370534	yes	hybrid
0370535	yes	hybrid
0370536	yes	hybrid
0370543	yes	hybrid
0370570	yes	hybrid
0370571	yes	hybrid
0370612	yes	hybrid
0370616	yes	hybrid
0370623	yes	hybrid
0370625	yes	hybrid
0370626	yes	hybrid
0370635	yes	hybrid
0370636	yes	hybrid
0370647	yes	hybrid
0370657	yes	hybrid
0370667	yes	hybrid
0370707	yes	hybrid
0370711	yes	hybrid
0370712	yes	hybrid
0370713	yes	hybrid
0370723	yes	hybrid
0370735	yes	hybrid
0370740	yes	hybrid
0370760	yes	hybrid
0372307	yes	hybrid
0372347	yes	hybrid
0372354	yes	hybrid
0372355	yes	hybrid
0372361	yes	hybrid
0372377	yes	hybrid
0372403	yes	hybrid
0372406	yes	hybrid
0372430	yes	hybrid
0372434	yes	hybrid
0372477	yes	hybrid
0372516	yes	hybrid
0372525	yes	hybrid
0372526	yes	hybrid
0372537	yes	hybrid
0372541	yes	hybrid
0372544	yes	hybrid
0372547	yes	hybrid
0372553	yes	hybrid
0372606	yes	hybrid
0372617	yes	hybrid
0372625	yes	hybrid
0372646	yes	hybrid
0372652	yes	hybrid
0372707	yes	hybrid
0372712	yes	hybrid
0372714	yes	hybrid
0372725	yes	hybrid
0372741	yes	hybrid
0372755	yes	hybrid
0372762	yes	hybrid
0372763	yes	hybrid
0372764	yes	hybrid
0372772	yes	hybrid
0373007	yes	hybrid
0373027	yes	hybrid
0373124	yes	hybrid
0373125	yes	hybrid
0373220	yes	hybrid
0373224	yes	hybrid
0373226	yes	hybrid
0374236	yes	hybrid
0374630	yes	hybrid
0374636	yes	hybrid
0374655	yes	hybrid
0374660	yes	hybrid
0374672	yes	hybrid
0374716	yes	hybrid
0374720	yes	hybrid
0374726	yes	hybrid
0374731	yes	hybrid
0374750	yes	hybrid
0374755	yes	hybrid
0375011	yes	hybrid
0375037	yes	hybrid
0375040	yes	hybrid
0375267	yes	hybrid
0375327	yes	hybrid
0375356	yes	hybrid
0375360	yes	hybrid
0375361	yes	hybrid
0375362	yes	hybrid
0375363	yes	hybrid
0375370	yes	hybrid
0375373	yes	hybrid
0375400	yes	hybrid
0375402	yes	hybrid
0375403	yes	hybrid
0375404	yes	hybrid
0375410	yes	hybrid
0375521	yes	hybrid
0375566	yes	hybrid
0375655	yes	hybrid
0375672	yes	hybrid
0376027	yes	hybrid
0376166	yes	hybrid
0376331	yes	hybrid
0376332	yes	hybrid
0376333	yes	hybrid
0376334	yes	hybrid
0376340	yes	hybrid
0376342	yes	hybrid
0376343	yes	hybrid
0376362	yes	hybrid
0376363	yes	hybrid
0376364	yes	hybrid
0376370	yes	hybrid
0376372	yes	hybrid
0376374	yes	hybrid
0376404	yes	hybrid
0376405	yes	hybrid
0376412	yes	hybrid
0376422	yes	hybrid
0376424	yes	hybrid
0376425	yes	hybrid
0376427	yes	hybrid
0376442	yes	hybrid
0376465	yes	hybrid
0376470	yes	hybrid
0376473	yes	hybrid
0376475	yes	hybrid
0376476	yes	hybrid
0376505	yes	hybrid
0376507	yes	hybrid
0376542	yes	hybrid
0376573	yes	hybrid
0376574	yes	hybrid
0376600	yes	hybrid
0376601	yes	hybrid
0376617	yes	hybrid
0400640	yes	hybrid
0400666	yes	hybrid
0400675	yes	hybrid
0400721	yes	hybrid
0400763	yes	hybrid
0400764	yes	hybrid
0400767	yes	hybrid
0400773	yes	hybrid
0401006	yes	hybrid
0401007	yes	hybrid
0401052	yes	hybrid
0401057	yes	hybrid
0401060	yes	hybrid
0401067	yes	hybrid
0401075	yes	hybrid
0401101	yes	hybrid
0401121	yes	hybrid
0401126	yes	hybrid
0401131	yes	hybrid
0401132	yes	hybrid
0401133	yes	hybrid
0401141	yes	hybrid
0401147	yes	hybrid
0401152	yes	hybrid
0401220	yes	hybrid
0401223	yes	hybrid
0401224	yes	hybrid
0401233	yes	hybrid
0401257	yes	hybrid
0401260	yes	hybrid
0401273	yes	hybrid
0401300	yes	hybrid
0401404	yes	hybrid
0401650	yes	hybrid
0401663	yes	hybrid
0401664	yes	hybrid
0402313	yes	hybrid
0403171	yes	hybrid
0403234	yes	hybrid
0404024	yes	hybrid
0404243	yes	hybrid
0404375	yes	hybrid
0404510	yes	hybrid
0404514	yes	hybrid
0404536	yes	hybrid
0404551	yes	hybrid
0405543	yes	hybrid
0405571	yes	hybrid
0406021	yes	hybrid
0406041	yes	hybrid
0406125	yes	hybrid
0407224	yes	hybrid
0407300	yes	hybrid
0410263	yes	hybrid
0410427	yes	hybrid
0410447	yes	hybrid
0410462	yes	hybrid
0410553	yes	hybrid
0411772	yes	hybrid
0412004	yes	hybrid
0412041	yes	hybrid
0413066	yes	hybrid
0413415	yes	hybrid
0413606	yes	hybrid
0413675	yes	hybrid
0414162	yes	hybrid
0414576	yes	hybrid
0415227	yes	hybrid
0415677	yes	hybrid
0416575	yes	hybrid
0416661	yes	hybrid
0417347	yes	hybrid
0417353	yes	hybrid
0417360	yes	hybrid
0417373	yes	hybrid
0417402	yes	hybrid
0417615	yes	hybrid
0417625	yes	hybrid
0417731	yes	hybrid
0420404	yes	hybrid
0420432	yes	hybrid
0420544	yes	hybrid
0421030	yes	hybrid
0421041	yes	hybrid
0421406	yes	hybrid
0421510	yes	hybrid
0421520	yes	hybrid
0421737	yes	hybrid
0423161	yes	hybrid
0423204	yes	hybrid
0423221	yes	hybrid
0423506	yes	hybrid
0424767	yes	hybrid
0425076	yes	hybrid
0425123	yes	hybrid
0425124	yes	hybrid
0425743	yes	hybrid
0425746	yes	hybrid
0425754	yes	hybrid
0426720	yes	hybrid
0427461	yes	hybrid
0430303	yes	hybrid
0430463	yes	hybrid
0430773	yes	hybrid
0431155	yes	hybrid
0432520	yes	hybrid
0433604	yes	hybrid
0435062	yes	hybrid
100883319	yes	hybrid
100883360	yes	hybrid
100883369	yes	hybrid
100883395	yes	hybrid
100883413	yes	hybrid
100883416	yes	hybrid
100883432	yes	hybrid
100883450	yes	hybrid
100883501	yes	hybrid
100883503	yes	hybrid
100883508	yes	hybrid
100883537	yes	hybrid
100883596	yes	hybrid
100883611	yes	hybrid
100883645	yes	hybrid
100883649	yes	hybrid
100883685	yes	hybrid
100883688	yes	hybrid
100883691	yes	hybrid
100883692	yes	hybrid
100883818	yes	hybrid
100884139	yes	hybrid
100885136	yes	hybrid
100885357	yes	hybrid
100886002	yes	hybrid
100886202	yes	hybrid
100886238	yes	hybrid
100886721	yes	hybrid
100887374	yes	hybrid
100887377	yes	hybrid
100887391	yes	hybrid
100887419	yes	hybrid
100887420	yes	hybrid
100887595	yes	hybrid
100888004	yes	hybrid
100888143	yes	hybrid
100888160	yes	hybrid
100888201	yes	hybrid
100888334	yes	hybrid
100888554	yes	hybrid
100888704	yes	hybrid
100888706	yes	hybrid
100888751	yes	hybrid
100888796	yes	hybrid
100888800	yes	hybrid
100888896	yes	hybrid
100888899	yes	hybrid
100888960	yes	hybrid
100888967	yes	hybrid
100888969	yes	hybrid
100888970	yes	hybrid
100888977	yes	hybrid
100888982	yes	hybrid
100889025	yes	hybrid
100889084	yes	hybrid
100889186	yes	hybrid
100890099	yes	hybrid
100890393	yes	hybrid
100890575	yes	hybrid
100890578	yes	hybrid
100890581	yes	hybrid
100890606	yes	hybrid
100890607	yes	hybrid
100890609	yes	hybrid
100891857	yes	hybrid
100892005	yes	hybrid
100892086	yes	hybrid
100892202	yes	hybrid
100892712	yes	hybrid
100892832	yes	hybrid
100892849	yes	hybrid
100892857	yes	hybrid
100892858	yes	hybrid
100893225	yes	hybrid
100893237	yes	hybrid
100893243	yes	hybrid
100894201	yes	hybrid
100894724	yes	hybrid
100895290	yes	hybrid
100895309	yes	hybrid
100896531	yes	hybrid
100896915	yes	hybrid
100897327	yes	hybrid
100897329	yes	hybrid
100897346	yes	hybrid
100897350	yes	hybrid
100897392	yes	hybrid
100897394	yes	hybrid
100897395	yes	hybrid
100897685	yes	hybrid
100898209	yes	hybrid
100898211	yes	hybrid
100898657	yes	hybrid
100898731	yes	hybrid
100898738	yes	hybrid
100898744	yes	hybrid
100898759	yes	hybrid
100898843	yes	hybrid
100898941	yes	hybrid
100899600	yes	hybrid
100900921	yes	hybrid
100900943	yes	hybrid
100900946	yes	hybrid
100901141	yes	hybrid
100901183	yes	hybrid
100901225	yes	hybrid
100901226	yes	hybrid
100901227	yes	hybrid
100901228	yes	hybrid
100901229	yes	hybrid
100901230	yes	hybrid
100901315	yes	hybrid
100901316	yes	hybrid
100901990	yes	hybrid
100909185	yes	hybrid
100909359	yes	hybrid
100909380	yes	hybrid
100909394	yes	hybrid
100909407	yes	hybrid
100909747	yes	hybrid
100911021	yes	hybrid
100911591	yes	hybrid
100912837	yes	hybrid
100913944	yes	hybrid
100927567	yes	hybrid
100929017	yes	hybrid
100930043	yes	hybrid
100931242	yes	hybrid
100931790	yes	hybrid
100935741	yes	hybrid
100936359	yes	hybrid
100937360	yes	hybrid
100939340	yes	hybrid
100939343	yes	hybrid
100939345	yes	hybrid
100939725	yes	hybrid
100939812	yes	hybrid
100940059	yes	hybrid
100940513	yes	hybrid
100940588	yes	hybrid
100940729	yes	hybrid
100941354	yes	hybrid
100953417	yes	hybrid
100953583	yes	hybrid
100954211	yes	hybrid
100954653	yes	hybrid
100954728	yes	hybrid
100954790	yes	hybrid
100955036	yes	hybrid
100955049	yes	hybrid
100955338	yes	hybrid
100955807	yes	hybrid
100956087	yes	hybrid
100956422	yes	hybrid
100956435	yes	hybrid
100956805	yes	hybrid
100957246	yes	hybrid
100957268	yes	hybrid
100958385	yes	hybrid
100959175	yes	hybrid
100959226	yes	hybrid
100959500	yes	hybrid
100959585	yes	hybrid
100959949	yes	hybrid
100960111	yes	hybrid
100960529	yes	hybrid
100960530	yes	hybrid
100960531	yes	hybrid
100960533	yes	hybrid
100960995	yes	hybrid
100961504	yes	hybrid
100963049	yes	hybrid
100963089	yes	hybrid
100963688	yes	hybrid
100963739	yes	hybrid
100963897	yes	hybrid
100965121	yes	hybrid
100965259	yes	hybrid
100965525	yes	hybrid
100966032	yes	hybrid
100966034	yes	hybrid
100966035	yes	hybrid
100966036	yes	hybrid
100966133	yes	hybrid
100966936	yes	hybrid
100967627	yes	hybrid
100967755	yes	hybrid
100968638	yes	hybrid
100968751	yes	hybrid
100969716	yes	hybrid
100970070	yes	hybrid
100970413	yes	hybrid
100970605	yes	hybrid
100970666	yes	hybrid
100971555	yes	hybrid
100971574	yes	hybrid
100972232	yes	hybrid
100973394	yes	hybrid
100973405	yes	hybrid
100973463	yes	hybrid
101083072	yes	hybrid
101083101	yes	hybrid
101083217	yes	hybrid
101083946	yes	hybrid
101083949	yes	hybrid
101084156	yes	hybrid
101085384	yes	hybrid
101086634	yes	hybrid
101087697	yes	hybrid
101088070	yes	hybrid
101088083	yes	hybrid
101088195	yes	hybrid
101088505	yes	hybrid
101088554	yes	hybrid
101089166	yes	hybrid
101089443	yes	hybrid
101090048	yes	hybrid
101090848	yes	hybrid
101091305	yes	hybrid
101092707	yes	hybrid
101092952	yes	hybrid
101093076	yes	hybrid
101093320	yes	hybrid
101093791	yes	hybrid
101093910	yes	hybrid
101094211	yes	hybrid
101094212	yes	hybrid
101095192	yes	hybrid
101095653	yes	hybrid
101096440	yes	hybrid
101096515	yes	hybrid
101096520	yes	hybrid
101119673	yes	hybrid
101120023	yes	hybrid
101120028	yes	hybrid
101120121	yes	hybrid
101120122	yes	hybrid
101120605	yes	hybrid
101120682	yes	hybrid
101120693	yes	hybrid
101120777	yes	hybrid
101121149	yes	hybrid
101121166	yes	hybrid
101121446	yes	hybrid
101121582	yes	hybrid
101121949	yes	hybrid
101122473	yes	hybrid
101123037	yes	hybrid
101123358	yes	hybrid
101124170	yes	hybrid
101124451	yes	hybrid
101124748	yes	hybrid
101125414	yes	hybrid
101125446	yes	hybrid
101125608	yes	hybrid
101125644	yes	hybrid
101125678	yes	hybrid
101125969	yes	hybrid
101126530	yes	hybrid
101126979	yes	hybrid
101127833	yes	hybrid
101128359	yes	hybrid
101128385	yes	hybrid
101128698	yes	hybrid
101128775	yes	hybrid
101128948	yes	hybrid
101128963	yes	hybrid
101128966	yes	hybrid
101128967	yes	hybrid
101128968	yes	hybrid
101129944	yes	hybrid
101130150	yes	hybrid
101130615	yes	hybrid
101130617	yes	hybrid
101130732	yes	hybrid
101130835	yes	hybrid
101130961	yes	hybrid
101130964	yes	hybrid
101130981	yes	hybrid
101131135	yes	hybrid
101132257	yes	hybrid
101132535	yes	hybrid
101132622	yes	hybrid
101132995	yes	hybrid
101133002	yes	hybrid
101133385	yes	hybrid
101133858	yes	hybrid
101134327	yes	hybrid
101134521	yes	hybrid
101134613	yes	hybrid
101134822	yes	hybrid
101134867	yes	hybrid
101135325	yes	hybrid
101135365	yes	hybrid
101135662	yes	hybrid
101135738	yes	hybrid
101135751	yes	hybrid
101135818	yes	hybrid
101135941	yes	hybrid
101136419	yes	hybrid
101136421	yes	hybrid
101136878	yes	hybrid
101137599	yes	hybrid
101137600	yes	hybrid
101137604	yes	hybrid
101137841	yes	hybrid
101138477	yes	hybrid
101139138	yes	hybrid
101139309	yes	hybrid
101139554	yes	hybrid
101140017	yes	hybrid
101140022	yes	hybrid
101140025	yes	hybrid
101140517	yes	hybrid
101140527	yes	hybrid
101140988	yes	hybrid
101141280	yes	hybrid
101141792	yes	hybrid
101142025	yes	hybrid
101142069	yes	hybrid
101142157	yes	hybrid
101142169	yes	hybrid
101142469	yes	hybrid
101142708	yes	hybrid
101143078	yes	hybrid
101143317	yes	hybrid
101144015	yes	hybrid
101144384	yes	hybrid
101144385	yes	hybrid
101144387	yes	hybrid
101146739	yes	hybrid
101146940	yes	hybrid
101148926	yes	hybrid
101149327	yes	hybrid
101150042	yes	hybrid
101150314	yes	hybrid
101150318	yes	hybrid
101151352	yes	hybrid
101151457	yes	hybrid
101151468	yes	hybrid
101152341	yes	hybrid
101152804	yes	hybrid
101152869	yes	hybrid
101154140	yes	hybrid
101154361	yes	hybrid
101154995	yes	hybrid
101155056	yes	hybrid
101155473	yes	hybrid
101155475	yes	hybrid
101156063	yes	hybrid
101156086	yes	hybrid
101156268	yes	hybrid
101156990	yes	hybrid
101157208	yes	hybrid
101157212	yes	hybrid
101157239	yes	hybrid
101157394	yes	hybrid
101157530	yes	hybrid
101159262	yes	hybrid
101160559	yes	hybrid
101160775	yes	hybrid
101160857	yes	hybrid
101160862	yes	hybrid
101160941	yes	hybrid
101163027	yes	hybrid
101163270	yes	hybrid
101163587	yes	hybrid
101164773	yes	hybrid
101165248	yes	hybrid
101165286	yes	hybrid
101166135	yes	hybrid
101167278	yes	hybrid
101167473	yes	hybrid
101167637	yes	hybrid
101167924	yes	hybrid
101168070	yes	hybrid
101168228	yes	hybrid
101168329	yes	hybrid
101170508	yes	hybrid
101176023	yes	hybrid
101176026	yes	hybrid
101176252	yes	hybrid
101176492	yes	hybrid
101177984	yes	hybrid
101179386	yes	hybrid
101179473	yes	hybrid
101181284	yes	hybrid
101181344	yes	hybrid
101181368	yes	hybrid
101182328	yes	hybrid
101182345	yes	hybrid
101184882	yes	hybrid
101185242	yes	hybrid
101185267	yes	hybrid
101185472	yes	hybrid
101186374	yes	hybrid
101186484	yes	hybrid
101186624	yes	hybrid
101187344	yes	hybrid
101188418	yes	hybrid
101188638	yes	hybrid
101189034	yes	hybrid
101189457	yes	hybrid
101189458	yes	hybrid
101189728	yes	hybrid
101190326	yes	hybrid
101193365	yes	hybrid
101193653	yes	hybrid
101196487	yes	hybrid
101196722	yes	hybrid
101196755	yes	hybrid
101197107	yes	hybrid
101197449	yes	hybrid
101197451	yes	hybrid
101197454	yes	hybrid
101197457	yes	hybrid
101197791	yes	hybrid
101198195	yes	hybrid
101199824	yes	hybrid
101200317	yes	hybrid
101201068	yes	hybrid
101201192	yes	hybrid
101206627	yes	hybrid
101208185	yes	hybrid
101208192	yes	hybrid
101208422	yes	hybrid
101208439	yes	hybrid
101208441	yes	hybrid
101208455	yes	hybrid
101208457	yes	hybrid
101209214	yes	hybrid
101212092	yes	hybrid
101213033	yes	hybrid
101213381	yes	hybrid
101214316	yes	hybrid
101214977	yes	hybrid
101215604	yes	hybrid
101217269	yes	hybrid
101217933	yes	hybrid
101220684	yes	hybrid
101222144	yes	hybrid
101222431	yes	hybrid
101222433	yes	hybrid
101223209	yes	hybrid
101223548	yes	hybrid
101225070	yes	hybrid
101225531	yes	hybrid
101226123	yes	hybrid
101226721	yes	hybrid
101227511	yes	hybrid
101228232	yes	hybrid
101228421	yes	hybrid
101228422	yes	hybrid
101229024	yes	hybrid
101229646	yes	hybrid
101229718	yes	hybrid
101230058	yes	hybrid
101230060	yes	hybrid
101230445	yes	hybrid
101230693	yes	hybrid
101230758	yes	hybrid
101230869	yes	hybrid
101230972	yes	hybrid
101231005	yes	hybrid
101231818	yes	hybrid
101231934	yes	hybrid
101231974	yes	hybrid
101231976	yes	hybrid
101231978	yes	hybrid
101232337	yes	hybrid
101232529	yes	hybrid
101232704	yes	hybrid
101233132	yes	hybrid
101233142	yes	hybrid
101233144	yes	hybrid
101233150	yes	hybrid
101233160	yes	hybrid
101233161	yes	hybrid
101233170	yes	hybrid
101233393	yes	hybrid
101233809	yes	hybrid
101234237	yes	hybrid
101234238	yes	hybrid
101234500	yes	hybrid
101234521	yes	hybrid
101234999	yes	hybrid
101235219	yes	hybrid
101235322	yes	hybrid
101235338	yes	hybrid
101235661	yes	hybrid
101235690	yes	hybrid
101235694	yes	hybrid
101235741	yes	hybrid
101235742	yes	hybrid
101235745	yes	hybrid
101236111	yes	hybrid
101238023	yes	hybrid
101238549	yes	hybrid
101238551	yes	hybrid
101239023	yes	hybrid
101239345	yes	hybrid
101239891	yes	hybrid
101240003	yes	hybrid
101240290	yes	hybrid
101240303	yes	hybrid
101241272	yes	hybrid
101241430	yes	hybrid
101241654	yes	hybrid
101242019	yes	hybrid
101242342	yes	hybrid
101242667	yes	hybrid
101242872	yes	hybrid
101244316	yes	hybrid
101244624	yes	hybrid
101245157	yes	hybrid
101247023	yes	hybrid
101247089	yes	hybrid
101247119	yes	hybrid
101247224	yes	hybrid
101247254	yes	hybrid
101247722	yes	hybrid
101249830	yes	hybrid
101250499	yes	hybrid
101250502	yes	hybrid
101250741	yes	hybrid
101250764	yes	hybrid
101253019	yes	hybrid
101253260	yes	hybrid
101254059	yes	hybrid
101255937	yes	hybrid
101256108	yes	hybrid
101256509	yes	hybrid
101256527	yes	hybrid
101256586	yes	hybrid
101256629	yes	hybrid
101257109	yes	hybrid
101257528	yes	hybrid
101259013	yes	hybrid
101259752	yes	hybrid
101259775	yes	hybrid
101260152	yes	hybrid
101260777	yes	hybrid
101260955	yes	hybrid
101261935	yes	hybrid
101261938	yes	hybrid
101262545	yes	hybrid
101262549	yes	hybrid
101262565	yes	hybrid
101262774	yes	hybrid
101262796	yes	hybrid
101263153	yes	hybrid
101263418	yes	hybrid
101264123	yes	hybrid
101264149	yes	hybrid
101264239	yes	hybrid
101264260	yes	hybrid
101264333	yes	hybrid
101264408	yes	hybrid
101264860	yes	hybrid
101264945	yes	hybrid
101265188	yes	hybrid
101265649	yes	hybrid
101265750	yes	hybrid
101265833	yes	hybrid
101266081	yes	hybrid
101266131	yes	hybrid
101266881	yes	hybrid
101266892	yes	hybrid
101266965	yes	hybrid
101267281	yes	hybrid
101268948	yes	hybrid
101269155	yes	hybrid
101269157	yes	hybrid
101269158	yes	hybrid
101269160	yes	hybrid
101269163	yes	hybrid
101270595	yes	hybrid
101270611	yes	hybrid
101270873	yes	hybrid
101270895	yes	hybrid
101271023	yes	hybrid
101271025	yes	hybrid
101271248	yes	hybrid
101271531	yes	hybrid
101271570	yes	hybrid
101272517	yes	hybrid
101273663	yes	hybrid
101273946	yes	hybrid
101274068	yes	hybrid
101274235	yes	hybrid
101274347	yes	hybrid
101274889	yes	hybrid
101275679	yes	hybrid
101276222	yes	hybrid
101276430	yes	hybrid
101277157	yes	hybrid
101278111	yes	hybrid
101278116	yes	hybrid
101278120	yes	hybrid
101278196	yes	hybrid
101278199	yes	hybrid
101278293	yes	hybrid
101278296	yes	hybrid
101278599	yes	hybrid
101279009	yes	hybrid
101280107	yes	hybrid
101280339	yes	hybrid
101282001	yes	hybrid
101282564	yes	hybrid
101282906	yes	hybrid
101283273	yes	hybrid
101284307	yes	hybrid
101284598	yes	hybrid
101285195	yes	hybrid
101286577	yes	hybrid
101290381	yes	hybrid
101291247	yes	hybrid
101291249	yes	hybrid
101291585	yes	hybrid
101291922	yes	hybrid
101292775	yes	hybrid
101292902	yes	hybrid
101294643	yes	hybrid
101295070	yes	hybrid
101295103	yes	hybrid
101295755	yes	hybrid
101295847	yes	hybrid
101297401	yes	hybrid
101297402	yes	hybrid
101298201	yes	hybrid
101298363	yes	hybrid
101298608	yes	hybrid
101298744	yes	hybrid
101299723	yes	hybrid
101299742	yes	hybrid
101300022	yes	hybrid
101300157	yes	hybrid
101300213	yes	hybrid
101300215	yes	hybrid
101300401	yes	hybrid
101300405	yes	hybrid
101300786	yes	hybrid
101301086	yes	hybrid
101302316	yes	hybrid
101302699	yes	hybrid
101303204	yes	hybrid
101303911	yes	hybrid
101303952	yes	hybrid
101304010	yes	hybrid
101304394	yes	hybrid
101304602	yes	hybrid
101304616	yes	hybrid
101305205	yes	hybrid
101306166	yes	hybrid
101306633	yes	hybrid
101306759	yes	hybrid
101307557	yes	hybrid
101308228	yes	hybrid
101308347	yes	hybrid
101308490	yes	hybrid
101308636	yes	hybrid
101308769	yes	hybrid
101309314	yes	hybrid
101309942	yes	hybrid
101311472	yes	hybrid
101312520	yes	hybrid
101312535	yes	hybrid
101313252	yes	hybrid
101313350	yes	hybrid
101313589	yes	hybrid
101313850	yes	hybrid
101313855	yes	hybrid
101315005	yes	hybrid
101315820	yes	hybrid
101316472	yes	hybrid
101316961	yes	hybrid
101317016	yes	hybrid
101318567	yes	hybrid
101318676	yes	hybrid
101318927	yes	hybrid
101318988	yes	hybrid
101319534	yes	hybrid
101319536	yes	hybrid
101319538	yes	hybrid
101319632	yes	hybrid
101320027	yes	hybrid
101320224	yes	hybrid
101320232	yes	hybrid
101322406	yes	hybrid
101392167	yes	hybrid
101392205	yes	hybrid
101392499	yes	hybrid
101461858	yes	hybrid
101462250	yes	hybrid
101462262	yes	hybrid
101463825	yes	hybrid
101463871	yes	hybrid
101464443	yes	hybrid
101464963	yes	hybrid
101465514	yes	hybrid
101465592	yes	hybrid
101465604	yes	hybrid
101465655	yes	hybrid
101466659	yes	hybrid
101466660	yes	hybrid
101466663	yes	hybrid
101467004	yes	hybrid
101467978	yes	hybrid
101467995	yes	hybrid
101467997	yes	hybrid
101468093	yes	hybrid
101468102	yes	hybrid
101468335	yes	hybrid
101468585	yes	hybrid
101468718	yes	hybrid
101468753	yes	hybrid
101469340	yes	hybrid
101469694	yes	hybrid
101470760	yes	hybrid
101471195	yes	hybrid
101472191	yes	hybrid
101472371	yes	hybrid
101473502	yes	hybrid
101473576	yes	hybrid
101473598	yes	hybrid
101474167	yes	hybrid
101474365	yes	hybrid
101474930	yes	hybrid
101475011	yes	hybrid
101475056	yes	hybrid
101475057	yes	hybrid
101475200	yes	hybrid
101475259	yes	hybrid
101476585	yes	hybrid
101477246	yes	hybrid
101477604	yes	hybrid
101478346	yes	hybrid
101478378	yes	hybrid
101479409	yes	hybrid
101479627	yes	hybrid
101479935	yes	hybrid
101479941	yes	hybrid
101481027	yes	hybrid
101481266	yes	hybrid
101483449	yes	hybrid
101483831	yes	hybrid
101484100	yes	hybrid
101484109	yes	hybrid
101485040	yes	hybrid
101485158	yes	hybrid
101485942	yes	hybrid
101489148	yes	hybrid
101490944	yes	hybrid
101491191	yes	hybrid
101491209	yes	hybrid
101491319	yes	hybrid
101492420	yes	hybrid
101493803	yes	hybrid
101494210	yes	hybrid
101494830	yes	hybrid
101495376	yes	hybrid
101495384	yes	hybrid
101496866	yes	hybrid
101497462	yes	hybrid
101497477	yes	hybrid
101498346	yes	hybrid
101499145	yes	hybrid
101499207	yes	hybrid
101499225	yes	hybrid
101499453	yes	hybrid
101499602	yes	hybrid
101499631	yes	hybrid
101499734	yes	hybrid
101500303	yes	hybrid
101502773	yes	hybrid
101502957	yes	hybrid
101504416	yes	hybrid
101504991	yes	hybrid
101506753	yes	hybrid
101506757	yes	hybrid
101506764	yes	hybrid
101506777	yes	hybrid
101507284	yes	hybrid
101507616	yes	hybrid
101508311	yes	hybrid
101508600	yes	hybrid
101508793	yes	hybrid
101510649	yes	hybrid
101511162	yes	hybrid
101512484	yes	hybrid
101515919	yes	hybrid
101516571	yes	hybrid
101517071	yes	hybrid
101517079	yes	hybrid
101517095	yes	hybrid
101517297	yes	hybrid
101517692	yes	hybrid
101517820	yes	hybrid
101517977	yes	hybrid
101518076	yes	hybrid
101518086	yes	hybrid
101518151	yes	hybrid
101518405	yes	hybrid
101518415	yes	hybrid
101518422	yes	hybrid
101519720	yes	hybrid
101519733	yes	hybrid
101520867	yes	hybrid
101521964	yes	hybrid
101522043	yes	hybrid
101522599	yes	hybrid
101523844	yes	hybrid
101524169	yes	hybrid
101524465	yes	hybrid
101524770	yes	hybrid
101525157	yes	hybrid
101525249	yes	hybrid
101525337	yes	hybrid
101525386	yes	hybrid
101526034	yes	hybrid
101526291	yes	hybrid
101526693	yes	hybrid
101528176	yes	hybrid
101528229	yes	hybrid
101528275	yes	hybrid
101528330	yes	hybrid
101528587	yes	hybrid
101528681	yes	hybrid
101528690	yes	hybrid
101528721	yes	hybrid
101529315	yes	hybrid
101529880	yes	hybrid
101530293	yes	hybrid
101530546	yes	hybrid
101530967	yes	hybrid
101531465	yes	hybrid
101531846	yes	hybrid
101532664	yes	hybrid
101533694	yes	hybrid
101534130	yes	hybrid
101534770	yes	hybrid
101536955	yes	hybrid
101537529	yes	hybrid
101537732	yes	hybrid
101538870	yes	hybrid
101538885	yes	hybrid
101539150	yes	hybrid
101539818	yes	hybrid
101540061	yes	hybrid
101540874	yes	hybrid
101541727	yes	hybrid
101542497	yes	hybrid
101543508	yes	hybrid
101543518	yes	hybrid
101543738	yes	hybrid
101544020	yes	hybrid
101546984	yes	hybrid
101549033	yes	hybrid
101549629	yes	hybrid
101549998	yes	hybrid
101550261	yes	hybrid
101550313	yes	hybrid
101552483	yes	hybrid
101552938	yes	hybrid
101553659	yes	hybrid
101554668	yes	hybrid
101554912	yes	hybrid
101555934	yes	hybrid
101558279	yes	hybrid
101558292	yes	hybrid
101560587	yes	hybrid
101560815	yes	hybrid
101560941	yes	hybrid
101561693	yes	hybrid
101562474	yes	hybrid
101562758	yes	hybrid
101564430	yes	hybrid
101565123	yes	hybrid
101567041	yes	hybrid
101567362	yes	hybrid
101568499	yes	hybrid
101570622	yes	hybrid
101572033	yes	hybrid
101572336	yes	hybrid
101572899	yes	hybrid
101573167	yes	hybrid
101573788	yes	hybrid
101573920	yes	hybrid
101574442	yes	hybrid
101575075	yes	hybrid
101575086	yes	hybrid
101575677	yes	hybrid
101576624	yes	hybrid
101576782	yes	hybrid
101577308	yes	hybrid
101578283	yes	hybrid
101578294	yes	hybrid
101580247	yes	hybrid
101580767	yes	hybrid
101580948	yes	hybrid
101581124	yes	hybrid
101581613	yes	hybrid
101582615	yes	hybrid
101582666	yes	hybrid
101583421	yes	hybrid
101583709	yes	hybrid
101584082	yes	hybrid
101584990	yes	hybrid
101585129	yes	hybrid
101585329	yes	hybrid
101586049	yes	hybrid
101587185	yes	hybrid
101587186	yes	hybrid
101587480	yes	hybrid
101589530	yes	hybrid
101589534	yes	hybrid
101589536	yes	hybrid
101589539	yes	hybrid
101589542	yes	hybrid
101589544	yes	hybrid
101589550	yes	hybrid
101589553	yes	hybrid
101589965	yes	hybrid
101590593	yes	hybrid
101590955	yes	hybrid
101591369	yes	hybrid
101592569	yes	hybrid
101592642	yes	hybrid
101593571	yes	hybrid
101595366	yes	hybrid
101595834	yes	hybrid
101596828	yes	hybrid
101597220	yes	hybrid
101597411	yes	hybrid
101598241	yes	hybrid
101598493	yes	hybrid
101598595	yes	hybrid
101599215	yes	hybrid
101599229	yes	hybrid
101600811	yes	hybrid
101601065	yes	hybrid
101601576	yes	hybrid
101602406	yes	hybrid
101602699	yes	hybrid
101602701	yes	hybrid
101603118	yes	hybrid
101603418	yes	hybrid
101603887	yes	hybrid
101604290	yes	hybrid
101604520	yes	hybrid
101604797	yes	hybrid
101605555	yes	hybrid
101607771	yes	hybrid
101608648	yes	hybrid
101609037	yes	hybrid
101609393	yes	hybrid
101613233	yes	hybrid
101613234	yes	hybrid
101614637	yes	hybrid
101614773	yes	hybrid
101615124	yes	hybrid
101615153	yes	hybrid
101616214	yes	hybrid
101616707	yes	hybrid
101618821	yes	hybrid
101620182	yes	hybrid
101620313	yes	hybrid
101620319	yes	hybrid
101622189	yes	hybrid
101623431	yes	hybrid
101623537	yes	hybrid
101623795	yes	hybrid
101623819	yes	hybrid
101626590	yes	hybrid
101627692	yes	hybrid
101627814	yes	hybrid
101628476	yes	hybrid
101629387	yes	hybrid
101631045	yes	hybrid
101631047	yes	hybrid
101631218	yes	hybrid
101632149	yes	hybrid
101632211	yes	hybrid
101632437	yes	hybrid
101632727	yes	hybrid
101635417	yes	hybrid
101635599	yes	hybrid
101636244	yes	hybrid
101638123	yes	hybrid
101638820	yes	hybrid
101639933	yes	hybrid
101643584	yes	hybrid
101645355	yes	hybrid
101649136	yes	hybrid
101649948	yes	hybrid
101650235	yes	hybrid
101650829	yes	hybrid
101651677	yes	hybrid
101652401	yes	hybrid
101652861	yes	hybrid
101653409	yes	hybrid
101654580	yes	hybrid
101654592	yes	hybrid
101654670	yes	hybrid
101654694	yes	hybrid
101654734	yes	hybrid
101656080	yes	hybrid
101656808	yes	hybrid
101656995	yes	hybrid
101665661	yes	hybrid
101665956	yes	hybrid
101669031	yes	hybrid
101669124	yes	hybrid
101669491	yes	hybrid
101671285	yes	hybrid
101674352	yes	hybrid
101674571	yes	hybrid
101674869	yes	hybrid
101674872	yes	hybrid
101675002	yes	hybrid
101675083	yes	hybrid
101675570	yes	hybrid
101676019	yes	hybrid
101676033	yes	hybrid
101676043	yes	hybrid
101676795	yes	hybrid
101677796	yes	hybrid
101679980	yes	hybrid
101680410	yes	hybrid
101680856	yes	hybrid
101681234	yes	hybrid
101681801	yes	hybrid
101682864	yes	hybrid
101684827	yes	hybrid
101684997	yes	hybrid
101685366	yes	hybrid
101686284	yes	hybrid
101689703	yes	hybrid
101690683	yes	hybrid
101692753	yes	hybrid
101693805	yes	hybrid
101695048	yes	hybrid
101696724	yes	hybrid
101696896	yes	hybrid
101697750	yes	hybrid
101698453	yes	hybrid
101698454	yes	hybrid
101698577	yes	hybrid
101699923	yes	hybrid
101701004	yes	hybrid
101701089	yes	hybrid
101701588	yes	hybrid
101706399	yes	hybrid
101708809	yes	hybrid
101709200	yes	hybrid
101712576	yes	hybrid
101712925	yes	hybrid
101713384	yes	hybrid
101714113	yes	hybrid
101715577	yes	hybrid
101717568	yes	hybrid
101719009	yes	hybrid
101723001	yes	hybrid
101724904	yes	hybrid
101727782	yes	hybrid
101729993	yes	hybrid
101730067	yes	hybrid
101730510	yes	hybrid
101731706	yes	hybrid
101731713	yes	hybrid
101731723	yes	hybrid
101731726	yes	hybrid
101731727	yes	hybrid
101731730	yes	hybrid
101731731	yes	hybrid
101731734	yes	hybrid
101734781	yes	hybrid
101735701	yes	hybrid
101736592	yes	hybrid
101738191	yes	hybrid
101738236	yes	hybrid
101738444	yes	hybrid
101743576	yes	hybrid
101752767	yes	hybrid
101757922	yes	hybrid
101758685	yes	hybrid
101758692	yes	hybrid
101760671	yes	hybrid
101761026	yes	hybrid
101761581	yes	hybrid
101762461	yes	hybrid
101764819	yes	hybrid
101766756	yes	hybrid
101770938	yes	hybrid
101770941	yes	hybrid
101773609	yes	hybrid
101774629	yes	hybrid
101775189	yes	hybrid
101775319	yes	hybrid
101775611	yes	hybrid
101776133	yes	hybrid
101776469	yes	hybrid
101776472	yes	hybrid
101777541	yes	hybrid
101778566	yes	hybrid
101778593	yes	hybrid
101778594	yes	hybrid
1246405	yes	hybrid
1250250	yes	hybrid
1250576	yes	hybrid
1250602	yes	hybrid
1251640	yes	hybrid
1254074	yes	hybrid
1254142	yes	hybrid
1254354	yes	hybrid
1254476	yes	hybrid
1256165	yes	hybrid
1256322	yes	hybrid
1260201	yes	hybrid
1262533	yes	hybrid
1263116	yes	hybrid
1264241	yes	hybrid
1264464	yes	hybrid
1264604	yes	hybrid
1266406	yes	hybrid
1272106	yes	hybrid
1273201	yes	hybrid
1273304	yes	hybrid
1273516	yes	hybrid
1275002	yes	hybrid
1275332	yes	hybrid
1277355	yes	hybrid
1300031	yes	hybrid
1300217	yes	hybrid
1301573	yes	hybrid
1301706	yes	hybrid
1302422	yes	hybrid
1302751	yes	hybrid
1303703	yes	hybrid
1304110	yes	hybrid
1305035	yes	hybrid
1305440	yes	hybrid
1306016	yes	hybrid
1306050	yes	hybrid
1306053	yes	hybrid
1306665	yes	hybrid
1307333	yes	hybrid
1310650	yes	hybrid
14730560R	yes	hybrid
15030100R	yes	hybrid
15420200R	yes	hybrid
15740290R	yes	hybrid
16140410R	yes	hybrid
16930290R	yes	hybrid
17340520R	yes	hybrid
18020010R	yes	hybrid
18420110R	yes	hybrid
21120500R	yes	hybrid
21620870R	yes	hybrid
2983306R	yes	hybrid
2983335R	yes	hybrid
2984688R	yes	hybrid
2984705R	yes	hybrid
2984715R	yes	hybrid
2984726R	yes	hybrid
2984727R	yes	hybrid
2984771R	yes	hybrid
2984779R	yes	hybrid
2984816R	yes	hybrid
2984829R	yes	hybrid
2985080R	yes	hybrid
2985087R	yes	hybrid
2985088R	yes	hybrid
2985091R	yes	hybrid
2985093R	yes	hybrid
2985099R	yes	hybrid
2985108R	yes	hybrid
2985109R	yes	hybrid
2985110R	yes	hybrid
2985111R	yes	hybrid
2985112R	yes	hybrid
2985115R	yes	hybrid
2985117R	yes	hybrid
2985120R	yes	hybrid
2985124R	yes	hybrid
2985125R	yes	hybrid
2985127R	yes	hybrid
2985128R	yes	hybrid
2985134R	yes	hybrid
2985138R	yes	hybrid
2985158R	yes	hybrid
2985179R	yes	hybrid
2985190R	yes	hybrid
2985191R	yes	hybrid
2985192R	yes	hybrid
2985193R	yes	hybrid
2985194R	yes	hybrid
2985195R	yes	hybrid
2985199R	yes	hybrid
2985213R	yes	hybrid
2985214R	yes	hybrid
2985236R	yes	hybrid
7500663	yes	hybrid
7500844	yes	hybrid
7501306	yes	hybrid
7501984	yes	hybrid
7502021	yes	hybrid
7502030	yes	hybrid
7502039	yes	hybrid
7502105	yes	hybrid
7502265	yes	hybrid
7502320	yes	hybrid
7502386	yes	hybrid
7502387	yes	hybrid
7502510	yes	hybrid
7502533	yes	hybrid
7502536	yes	hybrid
7502587	yes	hybrid
7502589	yes	hybrid
7503051	yes	hybrid
7503056	yes	hybrid
7503060	yes	hybrid
7503062	yes	hybrid
7503067	yes	hybrid
7503089	yes	hybrid
7503090	yes	hybrid
7503323	yes	hybrid
7503623	yes	hybrid
7505563	yes	hybrid
7505564	yes	hybrid
7505579	yes	hybrid
7505668	yes	hybrid
7505689	yes	hybrid
7505876	yes	hybrid
7505881	yes	hybrid
7506129	yes	hybrid
7506220	yes	hybrid
7506743	yes	hybrid
7506858	yes	hybrid
7506860	yes	hybrid
7506870	yes	hybrid
7506897	yes	hybrid
7508397	yes	hybrid
7508686	yes	hybrid
7509572	yes	hybrid
7510258	yes	hybrid
7511484	yes	hybrid
7512134	yes	hybrid
7512719	yes	hybrid
7512895	yes	hybrid
7513219	yes	hybrid
7513292	yes	hybrid
7513587	yes	hybrid
7513617	yes	hybrid
7513619	yes	hybrid
7513702	yes	hybrid
7600053	yes	hybrid
7600076	yes	hybrid
7600105	yes	hybrid
7600111	yes	hybrid
7600115	yes	hybrid
7600130	yes	hybrid
7600747	yes	hybrid
7601655	yes	hybrid
7601744	yes	hybrid
7602632	yes	hybrid
7602745	yes	hybrid
7603128	yes	hybrid
7603335	yes	hybrid
7603486	yes	hybrid
7603509	yes	hybrid
7603616	yes	hybrid
7603663	yes	hybrid
7603729	yes	hybrid
7603873	yes	hybrid
7604950	yes	hybrid
7605074	yes	hybrid
7605655	yes	hybrid
7605801	yes	hybrid
7605818	yes	hybrid
7605913	yes	hybrid
7605941	yes	hybrid
7606847	yes	hybrid
7606849	yes	hybrid
7607123	yes	hybrid
7607167	yes	hybrid
7607910	yes	hybrid
7608025	yes	hybrid
7608063	yes	hybrid
7608076	yes	hybrid
7608491	yes	hybrid
7609387	yes	hybrid
7609576	yes	hybrid
7609811	yes	hybrid
7609829	yes	hybrid
7610369	yes	hybrid
7610510	yes	hybrid
7610512	yes	hybrid
7610519	yes	hybrid
7610646	yes	hybrid
7611109	yes	hybrid
7611530	yes	hybrid
7612148	yes	hybrid
7613461	yes	hybrid
7613873	yes	hybrid
7701802	yes	hybrid
7701859	yes	hybrid
7701875	yes	hybrid
7701902	yes	hybrid
7701953	yes	hybrid
7702072	yes	hybrid
7702118	yes	hybrid
7702125	yes	hybrid
7702639	yes	hybrid
7702986	yes	hybrid
7703854	yes	hybrid
7703893	yes	hybrid
7703942	yes	hybrid
7703944	yes	hybrid
7703966	yes	hybrid
7704052	yes	hybrid
7704136	yes	hybrid
7704218	yes	hybrid
7704851	yes	hybrid
7704869	yes	hybrid
7705085	yes	hybrid
7705086	yes	hybrid
7705431	yes	hybrid
7705432	yes	hybrid
7705469	yes	hybrid
7705721	yes	hybrid
7705865	yes	hybrid
7705876	yes	hybrid
7705941	yes	hybrid
7705978	yes	hybrid
7706726	yes	hybrid
7706761	yes	hybrid
7706787	yes	hybrid
7707242	yes	hybrid
7707343	yes	hybrid
7707449	yes	hybrid
7707467	yes	hybrid
7707720	yes	hybrid
7707904	yes	hybrid
7708044	yes	hybrid
7708048	yes	hybrid
7708110	yes	hybrid
7708170	yes	hybrid
7708195	yes	hybrid
7708381	yes	hybrid
7708433	yes	hybrid
7709027	yes	hybrid
7801086	yes	hybrid
7801132	yes	hybrid
7801231	yes	hybrid
7801255	yes	hybrid
7801702	yes	hybrid
7801723	yes	hybrid
7801727	yes	hybrid
7801773	yes	hybrid
7802221	yes	hybrid
7802443	yes	hybrid
7802471	yes	hybrid
7802620	yes	hybrid
7802649	yes	hybrid
7802778	yes	hybrid
7802871	yes	hybrid
7802876	yes	hybrid
7802879	yes	hybrid
7802914	yes	hybrid
7803043	yes	hybrid
7803124	yes	hybrid
7803146	yes	hybrid
7803944	yes	hybrid
7804028	yes	hybrid
7804127	yes	hybrid
7804134	yes	hybrid
7805336	yes	hybrid
7805358	yes	hybrid
7805421	yes	hybrid
7805975	yes	hybrid
7805992	yes	hybrid
7806016	yes	hybrid
7806056	yes	hybrid
7806090	yes	hybrid
7806107	yes	hybrid
7806109	yes	hybrid
7806136	yes	hybrid
7806519	yes	hybrid
7806594	yes	hybrid
7806862	yes	hybrid
7806864	yes	hybrid
7807105	yes	hybrid
7807107	yes	hybrid
7807205	yes	hybrid
7807333	yes	hybrid
7808448	yes	hybrid
7808616	yes	hybrid
7808754	yes	hybrid
7808782	yes	hybrid
7808924	yes	hybrid
7808986	yes	hybrid
7809042	yes	hybrid
7809084	yes	hybrid
7809375	yes	hybrid
7809942	yes	hybrid
7809992	yes	hybrid
7810364	yes	hybrid
7900445	yes	hybrid
7900587	yes	hybrid
7900832	yes	hybrid
7901143	yes	hybrid
7901431	yes	hybrid
7902034	yes	hybrid
7902060	yes	hybrid
7902492	yes	hybrid
7902782	yes	hybrid
7903310	yes	hybrid
7903311	yes	hybrid
7903387	yes	hybrid
7904187	yes	hybrid
7904294	yes	hybrid
7904301	yes	hybrid
7904614	yes	hybrid
7905040	yes	hybrid
7905289	yes	hybrid
7905298	yes	hybrid
7905435	yes	hybrid
7905481	yes	hybrid
7905527	yes	hybrid
7905558	yes	hybrid
7905589	yes	hybrid
7905731	yes	hybrid
7905788	yes	hybrid
7905840	yes	hybrid
7905907	yes	hybrid
7906073	yes	hybrid
7906158	yes	hybrid
7906255	yes	hybrid
7906882	yes	hybrid
7907126	yes	hybrid
7907132	yes	hybrid
7907612	yes	hybrid
7908150	yes	hybrid
7908181	yes	hybrid
7908221	yes	hybrid
7908424	yes	hybrid
7909010	yes	hybrid
7909167	yes	hybrid
7909235	yes	hybrid
7909578	yes	hybrid
7909584	yes	hybrid
7909593	yes	hybrid
7909660	yes	hybrid
7909766	yes	hybrid
7909914	yes	hybrid
7910006	yes	hybrid
7910017	yes	hybrid
7910653	yes	hybrid
7910703	yes	hybrid
7910920	yes	hybrid
7910948	yes	hybrid
7911005	yes	hybrid
7911226	yes	hybrid
7911385	yes	hybrid
7911509	yes	hybrid
8000029	yes	hybrid
8000036	yes	hybrid
8000128	yes	hybrid
8000150	yes	hybrid
8000151	yes	hybrid
8000462	yes	hybrid
8001906	yes	hybrid
8002006	yes	hybrid
8002646	yes	hybrid
8002742	yes	hybrid
8002823	yes	hybrid
8002867	yes	hybrid
8003002	yes	hybrid
8003052	yes	hybrid
8003538	yes	hybrid
8003603	yes	hybrid
8003708	yes	hybrid
8003761	yes	hybrid
8003807	yes	hybrid
8003849	yes	hybrid
8004854	yes	hybrid
8004872	yes	hybrid
8004904	yes	hybrid
8004942	yes	hybrid
8004944	yes	hybrid
8004996	yes	hybrid
8005433	yes	hybrid
8005585	yes	hybrid
8005839	yes	hybrid
8006226	yes	hybrid
8006258	yes	hybrid
8006263	yes	hybrid
8006298	yes	hybrid
8006324	yes	hybrid
8006349	yes	hybrid
8006373	yes	hybrid
8006508	yes	hybrid
8006541	yes	hybrid
8006808	yes	hybrid
8006933	yes	hybrid
8006959	yes	hybrid
8007161	yes	hybrid
8007166	yes	hybrid
8007168	yes	hybrid
8007859	yes	hybrid
8008051	yes	hybrid
8008055	yes	hybrid
8008281	yes	hybrid
8008349	yes	hybrid
8008690	yes	hybrid
8010936	yes	hybrid
8010942	yes	hybrid
8010948	yes	hybrid
8100174	yes	hybrid
8100316	yes	hybrid
8100437	yes	hybrid
8100520	yes	hybrid
8101110	yes	hybrid
8101187	yes	hybrid
8101294	yes	hybrid
8101368	yes	hybrid
8102137	yes	hybrid
8102140	yes	hybrid
8103046	yes	hybrid
8103137	yes	hybrid
8103150	yes	hybrid
8103156	yes	hybrid
8103755	yes	hybrid
8104312	yes	hybrid
8104825	yes	hybrid
8105511	yes	hybrid
8105533	yes	hybrid
8105534	yes	hybrid
8106337	yes	hybrid
8106411	yes	hybrid
8106454	yes	hybrid
8106540	yes	hybrid
8108529	yes	hybrid
8108948	yes	hybrid
8108949	yes	hybrid
8109053	yes	hybrid
8109073	yes	hybrid
8109087	yes	hybrid
8109120	yes	hybrid
8109361	yes	hybrid
8109495	yes	hybrid
8109496	yes	hybrid
8109498	yes	hybrid
8109699	yes	hybrid
8109958	yes	hybrid
8109978	yes	hybrid
8110074	yes	hybrid
8110075	yes	hybrid
8110297	yes	hybrid
8110298	yes	hybrid
8111104	yes	hybrid
8111117	yes	hybrid
8111226	yes	hybrid
8111343	yes	hybrid
8111384	yes	hybrid
8112473	yes	hybrid
8112566	yes	hybrid
8113214	yes	hybrid
8113536	yes	hybrid
8200291	yes	hybrid
8200709	yes	hybrid
8200710	yes	hybrid
8200911	yes	hybrid
8201017	yes	hybrid
8203334	yes	hybrid
8204468	yes	hybrid
8204476	yes	hybrid
8204531	yes	hybrid
8205036	yes	hybrid
8205248	yes	hybrid
8205768	yes	hybrid
8206428	yes	hybrid
8206885	yes	hybrid
8207483	yes	hybrid
8207540	yes	hybrid
8208561	yes	hybrid
8208627	yes	hybrid
8208664	yes	hybrid
8208839	yes	hybrid
8210638	yes	hybrid
8211523	yes	hybrid
8211545	yes	hybrid
8211546	yes	hybrid
8211547	yes	hybrid
8211617	yes	hybrid
8213457	yes	hybrid
8214119	yes	hybrid
8214379	yes	hybrid
8214381	yes	hybrid
8214845	yes	hybrid
8214883	yes	hybrid
8214983	yes	hybrid
8215016	yes	hybrid
8215850	yes	hybrid
8215879	yes	hybrid
8216186	yes	hybrid
8216305	yes	hybrid
8216840	yes	hybrid
8217190	yes	hybrid
8217463	yes	hybrid
8218014	yes	hybrid
8218602	yes	hybrid
8218700	yes	hybrid
8219208	yes	hybrid
8219232	yes	hybrid
8219243	yes	hybrid
8219565	yes	hybrid
8219702	yes	hybrid
8300127	yes	hybrid
8300331	yes	hybrid
8300869	yes	hybrid
8300886	yes	hybrid
8301221	yes	hybrid
8301365	yes	hybrid
8302042	yes	hybrid
8302411	yes	hybrid
8302490	yes	hybrid
8302501	yes	hybrid
8302815	yes	hybrid
8302946	yes	hybrid
8303128	yes	hybrid
8303205	yes	hybrid
8303326	yes	hybrid
8303331	yes	hybrid
8303585	yes	hybrid
8305874	yes	hybrid
8305899	yes	hybrid
8306133	yes	hybrid
8306485	yes	hybrid
8306569	yes	hybrid
8306882	yes	hybrid
8306883	yes	hybrid
8307154	yes	hybrid
8307156	yes	hybrid
8307268	yes	hybrid
8307716	yes	hybrid
8308022	yes	hybrid
8308958	yes	hybrid
8309230	yes	hybrid
8309330	yes	hybrid
8309333	yes	hybrid
8309335	yes	hybrid
8309336	yes	hybrid
8309337	yes	hybrid
8309346	yes	hybrid
8309603	yes	hybrid
8309633	yes	hybrid
8309850	yes	hybrid
8309883	yes	hybrid
8309919	yes	hybrid
8309942	yes	hybrid
8310684	yes	hybrid
8310780	yes	hybrid
8310903	yes	hybrid
8401537	yes	hybrid
8401784	yes	hybrid
8402040	yes	hybrid
8402938	yes	hybrid
8403708	yes	hybrid
8404176	yes	hybrid
8404726	yes	hybrid
8404861	yes	hybrid
8405037	yes	hybrid
8405117	yes	hybrid
8405212	yes	hybrid
8405235	yes	hybrid
8405303	yes	hybrid
8405364	yes	hybrid
8405628	yes	hybrid
8406214	yes	hybrid
8406280	yes	hybrid
8406376	yes	hybrid
8406412	yes	hybrid
8406473	yes	hybrid
8406521	yes	hybrid
8406611	yes	hybrid
8406612	yes	hybrid
8406671	yes	hybrid
8406799	yes	hybrid
8406899	yes	hybrid
8407192	yes	hybrid
8407742	yes	hybrid
8408032	yes	hybrid
8408548	yes	hybrid
8409340	yes	hybrid
8409413	yes	hybrid
8409431	yes	hybrid
8409436	yes	hybrid
8409486	yes	hybrid
8409970	yes	hybrid
8410622	yes	hybrid
8410979	yes	hybrid
8411341	yes	hybrid
8411543	yes	hybrid
8411711	yes	hybrid
8411723	yes	hybrid
8411743	yes	hybrid
8411889	yes	hybrid
8411927	yes	hybrid
8412174	yes	hybrid
8412297	yes	hybrid
8412849	yes	hybrid
8413200	yes	hybrid
8500246	yes	hybrid
8500513	yes	hybrid
8500749	yes	hybrid
8500858	yes	hybrid
8500875	yes	hybrid
8500909	yes	hybrid
8501362	yes	hybrid
8501420	yes	hybrid
8501498	yes	hybrid
8501752	yes	hybrid
8501808	yes	hybrid
8501884	yes	hybrid
8501885	yes	hybrid
8502170	yes	hybrid
8502262	yes	hybrid
8502311	yes	hybrid
8502408	yes	hybrid
8502536	yes	hybrid
8502670	yes	hybrid
8502736	yes	hybrid
8503227	yes	hybrid
8503885	yes	hybrid
8503886	yes	hybrid
8503921	yes	hybrid
8504048	yes	hybrid
8504356	yes	hybrid
8504412	yes	hybrid
8504574	yes	hybrid
8504629	yes	hybrid
8504688	yes	hybrid
8504689	yes	hybrid
8505177	yes	hybrid
8505191	yes	hybrid
8505245	yes	hybrid
8506292	yes	hybrid
8506498	yes	hybrid
8506513	yes	hybrid
8506639	yes	hybrid
8506708	yes	hybrid
8506709	yes	hybrid
8506887	yes	hybrid
8506890	yes	hybrid
8506895	yes	hybrid
8506960	yes	hybrid
8507085	yes	hybrid
8507389	yes	hybrid
8507436	yes	hybrid
8507560	yes	hybrid
8507720	yes	hybrid
8508040	yes	hybrid
8508062	yes	hybrid
8508113	yes	hybrid
8508119	yes	hybrid
8508122	yes	hybrid
8508176	yes	hybrid
8508183	yes	hybrid
8508335	yes	hybrid
8508350	yes	hybrid
8508431	yes	hybrid
8510094	yes	hybrid
8510246	yes	hybrid
8510274	yes	hybrid
8510280	yes	hybrid
8510415	yes	hybrid
8510590	yes	hybrid
8510851	yes	hybrid
8510930	yes	hybrid
8511078	yes	hybrid
8511159	yes	hybrid
8511187	yes	hybrid
8511258	yes	hybrid
8511298	yes	hybrid
8511379	yes	hybrid
8511904	yes	hybrid
8511905	yes	hybrid
8601127	yes	hybrid
8602702	yes	hybrid
8603310	yes	hybrid
8603469	yes	hybrid
8603596	yes	hybrid
8603766	yes	hybrid
8604171	yes	hybrid
8604974	yes	hybrid
8605704	yes	hybrid
8605731	yes	hybrid
8605732	yes	hybrid
8605825	yes	hybrid
8605826	yes	hybrid
8605834	yes	hybrid
8605836	yes	hybrid
8606068	yes	hybrid
8606160	yes	hybrid
8606191	yes	hybrid
8606502	yes	hybrid
8606714	yes	hybrid
8606733	yes	hybrid
8607003	yes	hybrid
8607378	yes	hybrid
8607529	yes	hybrid
8607637	yes	hybrid
8607899	yes	hybrid
8607908	yes	hybrid
8607909	yes	hybrid
8608029	yes	hybrid
8608087	yes	hybrid
8608459	yes	hybrid
8608542	yes	hybrid
8609061	yes	hybrid
8609169	yes	hybrid
8609465	yes	hybrid
8609491	yes	hybrid
8610224	yes	hybrid
8610241	yes	hybrid
8610343	yes	hybrid
8610344	yes	hybrid
8610370	yes	hybrid
8610391	yes	hybrid
8610614	yes	hybrid
8610640	yes	hybrid
8610642	yes	hybrid
8610688	yes	hybrid
8610759	yes	hybrid
8610856	yes	hybrid
8611087	yes	hybrid
8611515	yes	hybrid
8611864	yes	hybrid
8611877	yes	hybrid
8700115	yes	hybrid
8700164	yes	hybrid
8700166	yes	hybrid
8700181	yes	hybrid
8700909	yes	hybrid
8700910	yes	hybrid
8701186	yes	hybrid
8701199	yes	hybrid
8701671	yes	hybrid
8701680	yes	hybrid
8701744	yes	hybrid
8701858	yes	hybrid
8702038	yes	hybrid
8702105	yes	hybrid
8702459	yes	hybrid
8702539	yes	hybrid
8702552	yes	hybrid
8703089	yes	hybrid
8703442	yes	hybrid
8703515	yes	hybrid
8703516	yes	hybrid
8703571	yes	hybrid
8703941	yes	hybrid
8703985	yes	hybrid
8703986	yes	hybrid
8704308	yes	hybrid
8704309	yes	hybrid
8704544	yes	hybrid
8704565	yes	hybrid
8704771	yes	hybrid
8704773	yes	hybrid
8704792	yes	hybrid
8704895	yes	hybrid
8704926	yes	hybrid
8706123	yes	hybrid
8706257	yes	hybrid
8706300	yes	hybrid
8706402	yes	hybrid
8706645	yes	hybrid
8706896	yes	hybrid
8707234	yes	hybrid
8707812	yes	hybrid
8708093	yes	hybrid
8708475	yes	hybrid
8708534	yes	hybrid
8708538	yes	hybrid
8708558	yes	hybrid
8708560	yes	hybrid
8708682	yes	hybrid
8708728	yes	hybrid
8709027	yes	hybrid
8709065	yes	hybrid
8709115	yes	hybrid
8709159	yes	hybrid
8709376	yes	hybrid
8709473	yes	hybrid
8709498	yes	hybrid
8709538	yes	hybrid
8709551	yes	hybrid
8709735	yes	hybrid
8709751	yes	hybrid
8709766	yes	hybrid
8709782	yes	hybrid
8710131	yes	hybrid
8710213	yes	hybrid
8710219	yes	hybrid
8710240	yes	hybrid
8710358	yes	hybrid
8710375	yes	hybrid
8710411	yes	hybrid
8710425	yes	hybrid
8710523	yes	hybrid
8710629	yes	hybrid
8710980	yes	hybrid
8711016	yes	hybrid
8711562	yes	hybrid
8711660	yes	hybrid
8712028	yes	hybrid
8712158	yes	hybrid
8712220	yes	hybrid
8712260	yes	hybrid
8712262	yes	hybrid
8800054	yes	hybrid
8800104	yes	hybrid
8800109	yes	hybrid
8800150	yes	hybrid
8800478	yes	hybrid
8800535	yes	hybrid
8800764	yes	hybrid
8800805	yes	hybrid
8801277	yes	hybrid
8801383	yes	hybrid
8801387	yes	hybrid
8801388	yes	hybrid
8801552	yes	hybrid
8802181	yes	hybrid
8802265	yes	hybrid
8802365	yes	hybrid
8802622	yes	hybrid
8802712	yes	hybrid
8802730	yes	hybrid
8802734	yes	hybrid
8803400	yes	hybrid
8803460	yes	hybrid
8803554	yes	hybrid
8803591	yes	hybrid
8803676	yes	hybrid
8803677	yes	hybrid
8803967	yes	hybrid
8804069	yes	hybrid
8804070	yes	hybrid
8804099	yes	hybrid
8804206	yes	hybrid
8804207	yes	hybrid
8804264	yes	hybrid
8804297	yes	hybrid
8804358	yes	hybrid
8804364	yes	hybrid
8804476	yes	hybrid
8804508	yes	hybrid
8804532	yes	hybrid
8804703	yes	hybrid
8804966	yes	hybrid
8805008	yes	hybrid
8805018	yes	hybrid
8805022	yes	hybrid
8805125	yes	hybrid
8805635	yes	hybrid
8805644	yes	hybrid
8805645	yes	hybrid
8805847	yes	hybrid
8806104	yes	hybrid
8806397	yes	hybrid
8806548	yes	hybrid
8806591	yes	hybrid
8806605	yes	hybrid
8806621	yes	hybrid
8806653	yes	hybrid
8806785	yes	hybrid
8806914	yes	hybrid
8807037	yes	hybrid
8807334	yes	hybrid
8807441	yes	hybrid
8807448	yes	hybrid
8807705	yes	hybrid
8807837	yes	hybrid
8807983	yes	hybrid
8808537	yes	hybrid
8809128	yes	hybrid
8809160	yes	hybrid
8809243	yes	hybrid
8809257	yes	hybrid
8809258	yes	hybrid
8809259	yes	hybrid
8809320	yes	hybrid
8809459	yes	hybrid
8809466	yes	hybrid
8809602	yes	hybrid
8809878	yes	hybrid
8809880	yes	hybrid
8809954	yes	hybrid
8811105	yes	hybrid
8811549	yes	hybrid
8811625	yes	hybrid
8811626	yes	hybrid
8812164	yes	hybrid
8812166	yes	hybrid
8812910	yes	hybrid
8813436	yes	hybrid
8813912	yes	hybrid
8900118	yes	hybrid
8900208	yes	hybrid
8900945	yes	hybrid
8900963	yes	hybrid
8901229	yes	hybrid
8901557	yes	hybrid
8902526	yes	hybrid
8902541	yes	hybrid
8902615	yes	hybrid
8902617	yes	hybrid
8902881	yes	hybrid
8903034	yes	hybrid
8903118	yes	hybrid
8903333	yes	hybrid
8903774	yes	hybrid
8904079	yes	hybrid
8904113	yes	hybrid
8904127	yes	hybrid
8904133	yes	hybrid
8904467	yes	hybrid
8904486	yes	hybrid
8904605	yes	hybrid
8904683	yes	hybrid
8904840	yes	hybrid
8904841	yes	hybrid
8904907	yes	hybrid
8904931	yes	hybrid
8905667	yes	hybrid
8906258	yes	hybrid
8906319	yes	hybrid
8906443	yes	hybrid
8906641	yes	hybrid
8907069	yes	hybrid
8907348	yes	hybrid
8907422	yes	hybrid
8907465	yes	hybrid
8907468	yes	hybrid
8907828	yes	hybrid
8908438	yes	hybrid
8908762	yes	hybrid
8908809	yes	hybrid
8908862	yes	hybrid
8908934	yes	hybrid
8909524	yes	hybrid
8909729	yes	hybrid
8910645	yes	hybrid
8910739	yes	hybrid
8910747	yes	hybrid
8910749	yes	hybrid
8910884	yes	hybrid
8911629	yes	hybrid
8911831	yes	hybrid
8911934	yes	hybrid
8912155	yes	hybrid
8912329	yes	hybrid
8912371	yes	hybrid
8912620	yes	hybrid
8912686	yes	hybrid
8912748	yes	hybrid
8912860	yes	hybrid
8913178	yes	hybrid
8913398	yes	hybrid
8913428	yes	hybrid
8913461	yes	hybrid
8913523	yes	hybrid
8914261	yes	hybrid
8914274	yes	hybrid
8914275	yes	hybrid
8914370	yes	hybrid
8914574	yes	hybrid
8914610	yes	hybrid
8914669	yes	hybrid
8914816	yes	hybrid
8914818	yes	hybrid
8914819	yes	hybrid
8915029	yes	hybrid
8915031	yes	hybrid
8915233	yes	hybrid
8915253	yes	hybrid
8915313	yes	hybrid
8915377	yes	hybrid
8916049	yes	hybrid
8916182	yes	hybrid
8916436	yes	hybrid
8916517	yes	hybrid
8916635	yes	hybrid
8916799	yes	hybrid
8917200	yes	hybrid
8917225	yes	hybrid
8917250	yes	hybrid
8917383	yes	hybrid
8917455	yes	hybrid
8917470	yes	hybrid
8917478	yes	hybrid
8917640	yes	hybrid
8918110	yes	hybrid
8918131	yes	hybrid
8918133	yes	hybrid
8918173	yes	hybrid
9000080	yes	hybrid
9000468	yes	hybrid
9000850	yes	hybrid
9000851	yes	hybrid
9000874	yes	hybrid
9001289	yes	hybrid
9001407	yes	hybrid
9001454	yes	hybrid
9001516	yes	hybrid
9001952	yes	hybrid
9002902	yes	hybrid
9002928	yes	hybrid
9002937	yes	hybrid
9002940	yes	hybrid
9002991	yes	hybrid
9003220	yes	hybrid
9004255	yes	hybrid
9004494	yes	hybrid
9004522	yes	hybrid
9004580	yes	hybrid
9004784	yes	hybrid
9005353	yes	hybrid
9005373	yes	hybrid
9005421	yes	hybrid
9005499	yes	hybrid
9007261	yes	hybrid
9007264	yes	hybrid
9007265	yes	hybrid
9007329	yes	hybrid
9007383	yes	hybrid
9007393	yes	hybrid
9007422	yes	hybrid
9007504	yes	hybrid
9007542	yes	hybrid
9007735	yes	hybrid
9007917	yes	hybrid
9007918	yes	hybrid
9008004	yes	hybrid
9008229	yes	hybrid
9008939	yes	hybrid
9008950	yes	hybrid
9009029	yes	hybrid
9009288	yes	hybrid
9009458	yes	hybrid
9009644	yes	hybrid
9010000	yes	hybrid
9010063	yes	hybrid
9010081	yes	hybrid
9010218	yes	hybrid
9010319	yes	hybrid
9010345	yes	hybrid
9010410	yes	hybrid
9010412	yes	hybrid
9010756	yes	hybrid
9011043	yes	hybrid
9011108	yes	hybrid
9011206	yes	hybrid
9011409	yes	hybrid
9011445	yes	hybrid
9011485	yes	hybrid
9011490	yes	hybrid
9012268	yes	hybrid
9012472	yes	hybrid
9012906	yes	hybrid
9012921	yes	hybrid
9013016	yes	hybrid
9013641	yes	hybrid
9013819	yes	hybrid
9013836	yes	hybrid
9014042	yes	hybrid
9014475	yes	hybrid
9014759	yes	hybrid
9015384	yes	hybrid
9015440	yes	hybrid
9015483	yes	hybrid
9015520	yes	hybrid
9015668	yes	hybrid
9100013	yes	hybrid
9100095	yes	hybrid
9100105	yes	hybrid
9100492	yes	hybrid
9100527	yes	hybrid
9100529	yes	hybrid
9100813	yes	hybrid
9100823	yes	hybrid
9100834	yes	hybrid
9100846	yes	hybrid
9100851	yes	hybrid
9100907	yes	hybrid
9100916	yes	hybrid
9100935	yes	hybrid
9100937	yes	hybrid
9101000	yes	hybrid
9101419	yes	hybrid
9101456	yes	hybrid
9101496	yes	hybrid
9101750	yes	hybrid
9102074	yes	hybrid
9102136	yes	hybrid
9102551	yes	hybrid
9102566	yes	hybrid
9102703	yes	hybrid
9102705	yes	hybrid
9102787	yes	hybrid
9103030	yes	hybrid
9103300	yes	hybrid
9103800	yes	hybrid
9104021	yes	hybrid
9104124	yes	hybrid
9104163	yes	hybrid
9105263	yes	hybrid
9105358	yes	hybrid
9105713	yes	hybrid
9105850	yes	hybrid
9106343	yes	hybrid
9106549	yes	hybrid
9106628	yes	hybrid
9106714	yes	hybrid
9106718	yes	hybrid
9106748	yes	hybrid
9107051	yes	hybrid
9107334	yes	hybrid
9107377	yes	hybrid
9107378	yes	hybrid
9107463	yes	hybrid
9107511	yes	hybrid
9107782	yes	hybrid
9107784	yes	hybrid
9108167	yes	hybrid
9108337	yes	hybrid
9108340	yes	hybrid
9109125	yes	hybrid
9109126	yes	hybrid
9109135	yes	hybrid
9109564	yes	hybrid
9109623	yes	hybrid
9109778	yes	hybrid
9110208	yes	hybrid
9110718	yes	hybrid
9110772	yes	hybrid
9110829	yes	hybrid
9110830	yes	hybrid
9110958	yes	hybrid
9111375	yes	hybrid
9111376	yes	hybrid
9111390	yes	hybrid
9111470	yes	hybrid
9111474	yes	hybrid
9111504	yes	hybrid
9111626	yes	hybrid
9111633	yes	hybrid
9111860	yes	hybrid
9111870	yes	hybrid
9112448	yes	hybrid
9112559	yes	hybrid
9112626	yes	hybrid
9112672	yes	hybrid
9112938	yes	hybrid
9113791	yes	hybrid
9113797	yes	hybrid
9114726	yes	hybrid
9114774	yes	hybrid
9114917	yes	hybrid
9114967	yes	hybrid
9200019	yes	hybrid
9200299	yes	hybrid
9200312	yes	hybrid
9200331	yes	hybrid
9200413	yes	hybrid
9200430	yes	hybrid
9200436	yes	hybrid
9200492	yes	hybrid
9200566	yes	hybrid
9200608	yes	hybrid
9200621	yes	hybrid
9200672	yes	hybrid
9201340	yes	hybrid
9201341	yes	hybrid
9201927	yes	hybrid
9202144	yes	hybrid
9202792	yes	hybrid
9202814	yes	hybrid
9202882	yes	hybrid
9202994	yes	hybrid
9203012	yes	hybrid
9203131	yes	hybrid
9203213	yes	hybrid
9203244	yes	hybrid
9203369	yes	hybrid
9204109	yes	hybrid
9204210	yes	hybrid
9204243	yes	hybrid
9204265	yes	hybrid
9204360	yes	hybrid
9204382	yes	hybrid
9204583	yes	hybrid
9205717	yes	hybrid
9205811	yes	hybrid
9205857	yes	hybrid
9205968	yes	hybrid
9206090	yes	hybrid
9206091	yes	hybrid
9206092	yes	hybrid
9206148	yes	hybrid
9206495	yes	hybrid
9206498	yes	hybrid
9206499	yes	hybrid
9206500	yes	hybrid
9206575	yes	hybrid
9206865	yes	hybrid
9207179	yes	hybrid
9207282	yes	hybrid
9207302	yes	hybrid
9207397	yes	hybrid
9207852	yes	hybrid
9207893	yes	hybrid
9208188	yes	hybrid
9208369	yes	hybrid
9208478	yes	hybrid
9208482	yes	hybrid
9208508	yes	hybrid
9208688	yes	hybrid
9208821	yes	hybrid
9208913	yes	hybrid
9208958	yes	hybrid
9209120	yes	hybrid
9209612	yes	hybrid
9209635	yes	hybrid
9210143	yes	hybrid
9210257	yes	hybrid
9211274	yes	hybrid
9211377	yes	hybrid
9211652	yes	hybrid
9211750	yes	hybrid
9211789	yes	hybrid
9211867	yes	hybrid
9212059	yes	hybrid
9212060	yes	hybrid
9212242	yes	hybrid
9212296	yes	hybrid
9212301	yes	hybrid
9212352	yes	hybrid
9212404	yes	hybrid
9212457	yes	hybrid
9213011	yes	hybrid
9214441	yes	hybrid
9214478	yes	hybrid
9214524	yes	hybrid
9215429	yes	hybrid
9215446	yes	hybrid
9216037	yes	hybrid
9216162	yes	hybrid
9216904	yes	hybrid
9300756	yes	hybrid
9300837	yes	hybrid
9300903	yes	hybrid
9300904	yes	hybrid
9301157	yes	hybrid
9301182	yes	hybrid
9301275	yes	hybrid
9301549	yes	hybrid
9301947	yes	hybrid
9301979	yes	hybrid
9301980	yes	hybrid
9302235	yes	hybrid
9302532	yes	hybrid
9302888	yes	hybrid
9302957	yes	hybrid
9303140	yes	hybrid
9303579	yes	hybrid
9303753	yes	hybrid
9303945	yes	hybrid
9304117	yes	hybrid
9304118	yes	hybrid
9304400	yes	hybrid
9304420	yes	hybrid
9304532	yes	hybrid
9304686	yes	hybrid
9305697	yes	hybrid
9305903	yes	hybrid
9306042	yes	hybrid
9306050	yes	hybrid
9306156	yes	hybrid
9306181	yes	hybrid
9306253	yes	hybrid
9306292	yes	hybrid
9306331	yes	hybrid
9306359	yes	hybrid
9306405	yes	hybrid
9306503	yes	hybrid
9306780	yes	hybrid
9306822	yes	hybrid
9306862	yes	hybrid
9306921	yes	hybrid
9306979	yes	hybrid
9307129	yes	hybrid
9307690	yes	hybrid
9308427	yes	hybrid
9308895	yes	hybrid
9308945	yes	hybrid
9309004	yes	hybrid
9309124	yes	hybrid
9309609	yes	hybrid
9309668	yes	hybrid
9309923	yes	hybrid
9310896	yes	hybrid
9310916	yes	hybrid
9310939	yes	hybrid
9312169	yes	hybrid
9312325	yes	hybrid
9312476	yes	hybrid
9312666	yes	hybrid
9312706	yes	hybrid
9312707	yes	hybrid
9312789	yes	hybrid
9312850	yes	hybrid
9313276	yes	hybrid
9313451	yes	hybrid
9313452	yes	hybrid
9314590	yes	hybrid
9314730	yes	hybrid
9314927	yes	hybrid
9315133	yes	hybrid
9315161	yes	hybrid
9315240	yes	hybrid
9315583	yes	hybrid
9318488	yes	hybrid
9318902	yes	hybrid
9319162	yes	hybrid
9413298	yes	hybrid
9414907	yes	hybrid
9415084	yes	hybrid
9415639	yes	hybrid
9416196	yes	hybrid
9416830	yes	hybrid
9417024	yes	hybrid
9417468	yes	hybrid
9418292	yes	hybrid
9418450	yes	hybrid
9419066	yes	hybrid
9420840	yes	hybrid
9421525	yes	hybrid
9421530	yes	hybrid
9421547	yes	hybrid
9421549	yes	hybrid
9421550	yes	hybrid
9421564	yes	hybrid
9421642	yes	hybrid
9422688	yes	hybrid
9422753	yes	hybrid
9422756	yes	hybrid
9422759	yes	hybrid
9422762	yes	hybrid
9422763	yes	hybrid
9422792	yes	hybrid
9423515	yes	hybrid
9423533	yes	hybrid
9423534	yes	hybrid
9423843	yes	hybrid
9423846	yes	hybrid
9423848	yes	hybrid
9423872	yes	hybrid
9425763	yes	hybrid
9425873	yes	hybrid
9425991	yes	hybrid
9426182	yes	hybrid
9426187	yes	hybrid
9426302	yes	hybrid
9426426	yes	hybrid
9427222	yes	hybrid
9430468	yes	hybrid
9430794	yes	hybrid
9430798	yes	hybrid
9430800	yes	hybrid
9430802	yes	hybrid
9430925	yes	hybrid
9431219	yes	hybrid
9431220	yes	hybrid
9431227	yes	hybrid
9431305	yes	hybrid
9431308	yes	hybrid
9431380	yes	hybrid
9431738	yes	hybrid
9431858	yes	hybrid
9431859	yes	hybrid
9431861	yes	hybrid
9431867	yes	hybrid
9432230	yes	hybrid
9432537	yes	hybrid
9432572	yes	hybrid
9432592	yes	hybrid
9432918	yes	hybrid
9432922	yes	hybrid
9433248	yes	hybrid
9433352	yes	hybrid
9433353	yes	hybrid
9433357	yes	hybrid
9433358	yes	hybrid
9433359	yes	hybrid
9433802	yes	hybrid
9433812	yes	hybrid
9433814	yes	hybrid
9433869	yes	hybrid
9434021	yes	hybrid
9434197	yes	hybrid
9434444	yes	hybrid
9434456	yes	hybrid
9434628	yes	hybrid
9434935	yes	hybrid
9435512	yes	hybrid
9435608	yes	hybrid
9435672	yes	hybrid
9435674	yes	hybrid
9435678	yes	hybrid
9435679	yes	hybrid
9435680	yes	hybrid
9435953	yes	hybrid
9436057	yes	hybrid
9436481	yes	hybrid
9436977	yes	hybrid
9437445	yes	hybrid
9437794	yes	hybrid
9438285	yes	hybrid
9438793	yes	hybrid
9438794	yes	hybrid
9439510	yes	hybrid
9439514	yes	hybrid
9439750	yes	hybrid
9440156	yes	hybrid
9440159	yes	hybrid
9441330	yes	hybrid
9441347	yes	hybrid
9441351	yes	hybrid
9441434	yes	hybrid
9441769	yes	hybrid
9442138	yes	hybrid
9442482	yes	hybrid
9442916	yes	hybrid
9501297	yes	hybrid
9502015	yes	hybrid
9502018	yes	hybrid
9502210	yes	hybrid
9502500	yes	hybrid
9502837	yes	hybrid
9502920	yes	hybrid
9502924	yes	hybrid
9503023	yes	hybrid
9503111	yes	hybrid
9503417	yes	hybrid
9503580	yes	hybrid
9503759	yes	hybrid
9503760	yes	hybrid
9503761	yes	hybrid
9503763	yes	hybrid
9503765	yes	hybrid
9504368	yes	hybrid
9504370	yes	hybrid
9504371	yes	hybrid
9504451	yes	hybrid
9504452	yes	hybrid
9504453	yes	hybrid
9504454	yes	hybrid
9504563	yes	hybrid
9504688	yes	hybrid
9504817	yes	hybrid
9504818	yes	hybrid
9504819	yes	hybrid
9505022	yes	hybrid
9505185	yes	hybrid
9505213	yes	hybrid
9505216	yes	hybrid
9505220	yes	hybrid
9505539	yes	hybrid
9505803	yes	hybrid
9505881	yes	hybrid
9505926	yes	hybrid
9505927	yes	hybrid
9505928	yes	hybrid
9506215	yes	hybrid
9506308	yes	hybrid
9506309	yes	hybrid
9506311	yes	hybrid
9506663	yes	hybrid
9506702	yes	hybrid
9506704	yes	hybrid
9506762	yes	hybrid
9506850	yes	hybrid
9507088	yes	hybrid
9507418	yes	hybrid
9507614	yes	hybrid
9507618	yes	hybrid
9508123	yes	hybrid
9508160	yes	hybrid
9508162	yes	hybrid
9508166	yes	hybrid
9508274	yes	hybrid
9508482	yes	hybrid
9508483	yes	hybrid
9508563	yes	hybrid
9508565	yes	hybrid
9508567	yes	hybrid
9508900	yes	hybrid
9509184	yes	hybrid
9509185	yes	hybrid
9509333	yes	hybrid
9509432	yes	hybrid
9509932	yes	hybrid
9510056	yes	hybrid
9510067	yes	hybrid
9510153	yes	hybrid
9511091	yes	hybrid
9511372	yes	hybrid
9511374	yes	hybrid
9511375	yes	hybrid
9512515	yes	hybrid
9512728	yes	hybrid
9512997	yes	hybrid
9513102	yes	hybrid
9513581	yes	hybrid
9513583	yes	hybrid
9513710	yes	hybrid
9513783	yes	hybrid
9514582	yes	hybrid
9515174	yes	hybrid
9516061	yes	hybrid
9516228	yes	hybrid
9516348	yes	hybrid
9516416	yes	hybrid
9516419	yes	hybrid
9516420	yes	hybrid
9516534	yes	hybrid
9518021	yes	hybrid
9518034	yes	hybrid
9518037	yes	hybrid
9601800	yes	hybrid
9601804	yes	hybrid
9602087	yes	hybrid
9602153	yes	hybrid
9602338	yes	hybrid
9602487	yes	hybrid
9602533	yes	hybrid
9602611	yes	hybrid
9602869	yes	hybrid
9604099	yes	hybrid
9604100	yes	hybrid
9604102	yes	hybrid
9604391	yes	hybrid
9604507	yes	hybrid
9604648	yes	hybrid
9604933	yes	hybrid
9604934	yes	hybrid
9604935	yes	hybrid
9604936	yes	hybrid
9604937	yes	hybrid
9605408	yes	hybrid
9605409	yes	hybrid
9605411	yes	hybrid
9606000	yes	hybrid
9606438	yes	hybrid
9606526	yes	hybrid
9606928	yes	hybrid
9606930	yes	hybrid
9607037	yes	hybrid
9607225	yes	hybrid
9607332	yes	hybrid
9607379	yes	hybrid
9607599	yes	hybrid
9607601	yes	hybrid
9607835	yes	hybrid
9608374	yes	hybrid
9608375	yes	hybrid
9609059	yes	hybrid
9609064	yes	hybrid
9609066	yes	hybrid
9609647	yes	hybrid
9609749	yes	hybrid
9610507	yes	hybrid
9610576	yes	hybrid
9610769	yes	hybrid
9610774	yes	hybrid
9610836	yes	hybrid
9610837	yes	hybrid
9610838	yes	hybrid
9610925	yes	hybrid
9610930	yes	hybrid
9610932	yes	hybrid
9612020	yes	hybrid
9612021	yes	hybrid
9612022	yes	hybrid
9612305	yes	hybrid
9612306	yes	hybrid
9612481	yes	hybrid
9612485	yes	hybrid
9612501	yes	hybrid
9612996	yes	hybrid
9613264	yes	hybrid
9613603	yes	hybrid
9613614	yes	hybrid
9613615	yes	hybrid
9613616	yes	hybrid
9613956	yes	hybrid
9614434	yes	hybrid
9615073	yes	hybrid
9615568	yes	hybrid
9615686	yes	hybrid
9616159	yes	hybrid
9616295	yes	hybrid
9616326	yes	hybrid
9616368	yes	hybrid
9617311	yes	hybrid
9700068	yes	hybrid
9700070	yes	hybrid
9700112	yes	hybrid
9701934	yes	hybrid
9702085	yes	hybrid
9702341	yes	hybrid
9702877	yes	hybrid
9703164	yes	hybrid
9703530	yes	hybrid
9703616	yes	hybrid
9704130	yes	hybrid
9704532	yes	hybrid
9704676	yes	hybrid
9704962	yes	hybrid
9704963	yes	hybrid
9705200	yes	hybrid
9705305	yes	hybrid
9705402	yes	hybrid
9705610	yes	hybrid
9705773	yes	hybrid
9706083	yes	hybrid
9706084	yes	hybrid
9706280	yes	hybrid
9706281	yes	hybrid
9706293	yes	hybrid
9706297	yes	hybrid
9706389	yes	hybrid
9706854	yes	hybrid
9707113	yes	hybrid
9707115	yes	hybrid
9707469	yes	hybrid
9707935	yes	hybrid
9708119	yes	hybrid
9708216	yes	hybrid
9708436	yes	hybrid
9708549	yes	hybrid
9708669	yes	hybrid
9708816	yes	hybrid
9708966	yes	hybrid
9709118	yes	hybrid
9709206	yes	hybrid
9709307	yes	hybrid
9709509	yes	hybrid
9709714	yes	hybrid
9709920	yes	hybrid
9709923	yes	hybrid
9710002	yes	hybrid
9710011	yes	hybrid
9711057	yes	hybrid
9711270	yes	hybrid
9712127	yes	hybrid
9712129	yes	hybrid
9712132	yes	hybrid
9712133	yes	hybrid
9712381	yes	hybrid
9712383	yes	hybrid
9712707	yes	hybrid
9712714	yes	hybrid
9713484	yes	hybrid
9713490	yes	hybrid
9713494	yes	hybrid
9713497	yes	hybrid
9715168	yes	hybrid
9715169	yes	hybrid
9715279	yes	hybrid
9715672	yes	hybrid
9715779	yes	hybrid
9716237	yes	hybrid
9716507	yes	hybrid
9716531	yes	hybrid
9716844	yes	hybrid
9717231	yes	hybrid
9717383	yes	hybrid
9717388	yes	hybrid
9717520	yes	hybrid
9800465	yes	hybrid
9800503	yes	hybrid
9800943	yes	hybrid
9801717	yes	hybrid
9801774	yes	hybrid
9802571	yes	hybrid
9802574	yes	hybrid
9802627	yes	hybrid
9802899	yes	hybrid
9803529	yes	hybrid
9803531	yes	hybrid
9803709	yes	hybrid
9804159	yes	hybrid
9804161	yes	hybrid
9804399	yes	hybrid
9804404	yes	hybrid
9804508	yes	hybrid
9804678	yes	hybrid
9805378	yes	hybrid
9805456	yes	hybrid
9805460	yes	hybrid
9805461	yes	hybrid
9805554	yes	hybrid
9806096	yes	hybrid
9806306	yes	hybrid
9806357	yes	hybrid
9806360	yes	hybrid
9806362	yes	hybrid
9806488	yes	hybrid
9806569	yes	hybrid
9806675	yes	hybrid
9806853	yes	hybrid
9807630	yes	hybrid
9807947	yes	hybrid
9808008	yes	hybrid
9808212	yes	hybrid
9808285	yes	hybrid
9808462	yes	hybrid
9808648	yes	hybrid
9808649	yes	hybrid
9808650	yes	hybrid
9808874	yes	hybrid
9808943	yes	hybrid
9808944	yes	hybrid
9809671	yes	hybrid
9809673	yes	hybrid
9809909	yes	hybrid
9810948	yes	hybrid
9810955	yes	hybrid
9810959	yes	hybrid
9811312	yes	hybrid
9812512	yes	hybrid
9812551	yes	hybrid
9812598	yes	hybrid
9814314	yes	hybrid
9814320	yes	hybrid
9814573	yes	hybrid
9814574	yes	hybrid
9814575	yes	hybrid
9814578	yes	hybrid
9814863	yes	hybrid
9815056	yes	hybrid
9815334	yes	hybrid
9815369	yes	hybrid
9815628	yes	hybrid
9815642	yes	hybrid
9815648	yes	hybrid
9815649	yes	hybrid
9815657	yes	hybrid
9815663	yes	hybrid
9815671	yes	hybrid
9815683	yes	hybrid
9815751	yes	hybrid
9815755	yes	hybrid
9815758	yes	hybrid
9815764	yes	hybrid
9815827	yes	hybrid
9815831	yes	hybrid
9815835	yes	hybrid
9815900	yes	hybrid
9815902	yes	hybrid
9815944	yes	hybrid
9815947	yes	hybrid
9878362	yes	hybrid
9880575	yes	hybrid
9880970	yes	hybrid
9881057	yes	hybrid
9881064	yes	hybrid
9881188	yes	hybrid
9881869	yes	hybrid
9882015	yes	hybrid
9882059	yes	hybrid
9882301	yes	hybrid
9882449	yes	hybrid
9882600	yes	hybrid
9882735	yes	hybrid
9882736	yes	hybrid
9882809	yes	hybrid
9882884	yes	hybrid
9882886	yes	hybrid
9882895	yes	hybrid
9882906	yes	hybrid
9882935	yes	hybrid
9884362	yes	hybrid
9884939	yes	hybrid
9885358	yes	hybrid
9885956	yes	hybrid
9885960	yes	hybrid
9886009	yes	hybrid
9886167	yes	hybrid
9886191	yes	hybrid
9887853	yes	hybrid
9888239	yes	hybrid
9888746	yes	hybrid
9889523	yes	hybrid
9889534	yes	hybrid
9889808	yes	hybrid
9889915	yes	hybrid
9890299	yes	hybrid
9890903	yes	hybrid
9891002	yes	hybrid
9891704	yes	hybrid
9918227368306676	yes	hybrid
9918266300206676	yes	hybrid
